provider,state
TH Nürnberg Georg Simon Ohm,Bayern
HHU Düsseldorf,Nordrhein-Westfalen
TH Köln,Nordrhein-Westfalen
Universität Bielefeld,Nordrhein-Westfalen
Universität Wuppertal,Nordrhein-Westfalen
Universität Bonn,Nordrhein-Westfalen
Charité - Universitätsmedizin Berlin,Berlin
FH Dortmund,Nordrhein-Westfalen
Hochschule Meißen (FH) und Fortbildungszentrum,Sachsen
Universität Hannover,Niedersachsen
Universität Duisburg-Essen,Nordrhein-Westfalen
Universität Hildesheim,Niedersachsen
Universität Konstanz,Baden-Württemberg
HTW Berlin,Berlin
TU Darmstadt,Hessen
Europa-Universität Viadrina,Brandenburg
Hochschule für Wirtschaft und Gesellschaft Ludwigshafen,Rheinland-Pfalz
Hochschule Heilbronn,Baden-Württemberg
Hochschule Ruhr-West,Nordrhein-Westfalen
HfT Stuttgart,Baden-Württemberg
DHBW,Baden-Württemberg
RWTH Aachen,Nordrhein-Westfalen
TU Dortmund,Nordrhein-Westfalen
Universität Erlangen-Nürnberg,Bayern
FH Aachen,Nordrhein-Westfalen
Hochschule Niederrhein,Nordrhein-Westfalen
Universität München,Bayern
HU Berlin,Berlin
Hochschule Esslingen,Baden-Württemberg
Universität Münster,Nordrhein-Westfalen
FH des Mittelstandes,Nordrhein-Westfalen
FernUniversität in Hagen,Nordrhein-Westfalen
TU Berlin,Berlin
HdM Stuttgart,Baden-Württemberg
Ruhr-Uni Bochum,Nordrhein-Westfalen
TU Braunschweig,Niedersachsen
Hochschule Hamm-Lippstadt,Nordrhein-Westfalen
Universität Jena,Thüringen
TU Dresden,Sachsen
Hochschule Kempten,Bayern
Karlsruher Institut für Technologie (KIT),Baden-Württemberg
HAW Hamburg,Hamburg
TU München,Bayern
Hochschule Koblenz,Rheinland-Pfalz
Universität Lübeck,Schleswig-Holstein
Hochschule Mittweida,Sachsen
TH Brandenburg,Brandenburg
Universität Potsdam,Brandenburg
Hochschule München,Bayern
HNE Eberswalde,Brandenburg
Berliner Hochschule für Technik (BHT),Berlin
Evangelische Hochschule Rheinland-Westfalen-Lippe,Nordrhein-Westfalen
Universität Stuttgart,Baden-Württemberg
Fachhochschule Münster,Nordrhein-Westfalen
Universität Paderborn,Nordrhein-Westfalen
Universität Mainz,Rheinland-Pfalz
Universität Köln,Nordrhein-Westfalen
TH Wildau,Brandenburg
Hochschule Hildesheim/Holzminden/Göttingen,Niedersachsen
FH Südwestfalen,Nordrhein-Westfalen
Universität Bremen,Bremen
Universität Tübingen,Baden-Württemberg
Hochschule Augsburg,Bayern
Universität Kassel,Hessen
FH Bielefeld,Nordrhein-Westfalen
FU Berlin,Berlin
Hochschule Albstadt-Sigmaringen,Baden-Württemberg
Universität Frankfurt,Hessen
Hochschule Bonn-Rhein-Sieg,Nordrhein-Westfalen
Hochschule Karlsruhe,Baden-Württemberg
Alice Salomon Hochschule,Berlin
Hochschule RheinMain,Hessen
Private Universität Witten/Herdecke,Nordrhein-Westfalen
Hochschule Osnabrück,Niedersachsen
Universität Passau,Bayern
Universität Bamberg,Bayern
Hochschule Hannover,Niedersachsen
Universität Leipzig,Sachsen
Universität Würzburg,Bayern
TH Ostwestfalen-Lippe,Nordrhein-Westfalen
Hochschule Düsseldorf,Nordrhein-Westfalen
Universitätsklinikum Freiburg,Baden-Württemberg
Hochschule Nürtingen-Geislingen,Baden-Württemberg
TU Kaiserslautern,Rheinland-Pfalz
TH Ingolstadt in Ingolstadt,Bayern
Universität Koblenz,Rheinland-Pfalz
Hochschule Furtwangen,Baden-Württemberg
Universität Oldenburg,Niedersachsen
Universität Eichstätt-Ingolstadt,Bayern
Hochschule Reutlingen,Baden-Württemberg
Universität Rostock,Mecklenburg-Vorpommern
Universität Hamburg,Hamburg
OVGU Magdeburg,Sachsen-Anhalt
Medical School Hamburg,Hamburg
HTW Saar,Saarland
BTU Cottbus-Senftenberg,Brandenburg
Universität des Saarlandes,Saarland
Universität Ulm,Baden-Württemberg
Universität Heidelberg,Baden-Württemberg
Universität Augsburg,Bayern
Ostfalia Hochschule für angewandte Wissenschaften,Niedersachsen
Frankfurt University of Applied Sciences,Hessen
Hochschule Magdeburg-Stendal,Sachsen-Anhalt
Leuphana Universität Lüneburg,Niedersachsen
Hochschule Bremen,Bremen
Universität Göttingen,Niedersachsen
Westfälische Hochschule,Nordrhein-Westfalen
Universitätsklinikum Bonn,Nordrhein-Westfalen
Universität Regensburg,Bayern
Hochschule Aalen,Baden-Württemberg
Hochschule Nordhausen,Thüringen
Universität Erfurt,Thüringen
Universität Mannheim,Baden-Württemberg
Hochschule Bochum,Nordrhein-Westfalen
Universität Marburg,Hessen
Universität Bayreuth,Bayern
Technische Hochschule Mittelhessen,Hessen
Hochschule Wilhelmshaven/Oldenburg/Elsfleth,Niedersachsen
Hochschule Darmstadt,Hessen
FH Potsdam,Brandenburg
Duale Hochschule Schleswig-Holstein,Schleswig-Holstein
Hochschule Worms,Rheinland-Pfalz
Universität Siegen,Nordrhein-Westfalen
Hochschule Ansbach,Bayern
TH Bingen,Rheinland-Pfalz
Hochschule Pforzheim,Baden-Württemberg
HFH Hamburger Fern-Hochschule,Hamburg
HWR Berlin,Berlin
Hochschule Offenburg,Baden-Württemberg
Universität Freiburg,Baden-Württemberg
Hochschule des Bundes für öffentliche Verwaltung,Nordrhein-Westfalen
Universität Kiel,Schleswig-Holstein
TU Hamburg,Hamburg
TU Ilmenau,Thüringen
PHTW Vechta,Niedersachsen
OTH Regensburg,Bayern
TH Rosenheim,Bayern
PH Ludwigsburg,Baden-Württemberg
HSU Hamburg,Hamburg
Tierärztliche Hochschule Hannover,Niedersachsen
International University,Thüringen
Hochschule Biberach,Baden-Württemberg
Universität Hohenheim,Baden-Württemberg
Ernst-Abbe-Hochschule Jena,Thüringen
Hochschule Neu-Ulm,Bayern
Kunsthochschule für Medien Köln,Nordrhein-Westfalen
Medizinische Hochschule Hannover,Niedersachsen
Hochschule Mainz,Rheinland-Pfalz
HSBA Hamburg,Hamburg
TH Deggendorf,Bayern
Hafencity Universität Hamburg,Hamburg
Euro-FH Hamburg,Hamburg
Universität Greifswald,Mecklenburg-Vorpommern
Deutsche Sporthochschule Köln,Nordrhein-Westfalen
Bauhaus Universität Weimar,Thüringen
TH Lübeck,Schleswig-Holstein
Uniklinik RWTH Aachen,Nordrhein-Westfalen
Hertie School of Governance,Berlin
Universität Gießen,Hessen
Kath. Hochschule Freiburg,Baden-Württemberg
Hochschule Weihenstephan-Triesdorf,Bayern
Hochschule Rhein-Waal,Nordrhein-Westfalen
HTWG Konstanz,Baden-Württemberg
Hochschule Coburg,Bayern
Universität Osnabrück,Niedersachsen
PH Heidelberg,Baden-Württemberg
Hochschule Stralsund,Mecklenburg-Vorpommern
PH Freiburg,Baden-Württemberg
HTW Dresden,Sachsen
Hochschule Emden/Leer,Niedersachsen
Duale Hochschule Sachsen,Sachsen
Hochschule Merseburg,Sachsen-Anhalt
Universität Trier,Rheinland-Pfalz
PH Karlsruhe,Baden-Württemberg
TH Würzburg-Schweinfurt,Bayern
TU Clausthal,Niedersachsen
Hochschule Fresenius,Baden-Württemberg
Hochschule Zittau/Görlitz,Sachsen
Hochschule Landshut,Bayern
Hochschule Mannheim,Baden-Württemberg
Hochschule Geisenheim,Hessen
FH Erfurt,Thüringen
Hochschule Ludwigsburg,Baden-Württemberg
FH Kiel,Schleswig-Holstein
Universität Flensburg,Schleswig-Holstein
Medical School Berlin,Berlin
Hochschule Vechta,Niedersachsen
Universität der Bundeswehr München,Bayern
Hochschule für Gestaltung Offenbach,Hessen
Hochschule Hof,Bayern
Hochschule Ravensburg-Weingarten,Baden-Württemberg
FOM Hochschule,Nordrhein-Westfalen
HTWK Leipzig,Sachsen
Hochschule Trier,Rheinland-Pfalz
Nordakademie Hochschule der Wirtschaft,Schleswig-Holstein
Ostbayerische Technische Hochschule Amberg-Weiden,Bayern
Hochschule Flensburg,Schleswig-Holstein
Hochschule Anhalt,Sachsen-Anhalt
TH Georg Agricola,Nordrhein-Westfalen
Hochschule Neubrandenburg,Mecklenburg-Vorpommern
Hochschule Harz,Sachsen-Anhalt
Hochschule für Polizei und öffentliche Verwaltung NRW,Nordrhein-Westfalen
PH Weingarten,Baden-Württemberg
Folkwang Universität der Künste,Nordrhein-Westfalen
TH Aschaffenburg,Bayern
HfM Weimar,Thüringen
Hochschule der DGUV,Hessen
Hochschule Fulda,Hessen
HFM Bonn,Nordrhein-Westfalen
Umwelt-Campus Birkenfeld,Rheinland-Pfalz
Westsächsische Hochschule Zwickau (FH),Sachsen
Hochschule Wismar,Mecklenburg-Vorpommern
Hochschule für Musik und Tanz Köln,Nordrhein-Westfalen
FH für Verwaltung und Dienstleistung Altenholz,Schleswig-Holstein
HHL Leipzig Graduate School of Management,Sachsen
Hasso-Plattner-Institut,Brandenburg
Duale Hochschule Gera-Eisenach,Thüringen
PH Schwäbisch Gmünd,Baden-Württemberg
TU Chemnitz,Sachsen
Filmuniversität Babelsberg,Brandenburg
Universität der Künste Berlin,Berlin
International School of Management,Nordrhein-Westfalen
Hochschule Kaiserslautern,Rheinland-Pfalz
Hochschule Bremerhaven,Bremen
Universitätsmedizin Mainz,Rheinland-Pfalz
WHU – Otto Beisheim School of Management,Nordrhein-Westfalen
BSP Business and Law School,Berlin
Hochschule der Bundesagentur für Arbeit,Baden-Württemberg
Kath. Hochschule NRW,Nordrhein-Westfalen
Hessische Hochschule für öffentliches Management und Sicherheit,Hessen
Popakademie Baden-Württemberg,Baden-Württemberg
FH Westküste,Schleswig-Holstein
Hochschule für Gesundheit Bochum,Nordrhein-Westfalen
Helmut-Schmidt-Universität Hamburg,Hamburg
Cologne Business School,Nordrhein-Westfalen
SRH Fernhochschule,Baden-Württemberg
Evangelische Hochschule Berlin,Berlin
Hochschule Schmalkalden,Thüringen
Hochschule für Musik Detmold,Nordrhein-Westfalen
PFH - Private Hochschule Göttingen,Niedersachsen
HBK Saarbrücken,Saarland
IBA Dual,Hessen
Fliedner Fachhochschule,Nordrhein-Westfalen
Hochschule Döpfer,Brandenburg
Evang. Hochschule Nürnberg,Bayern
AKAD University,Baden-Württemberg
Bucerius Law School,Hamburg
Hochschule für angewandtes Management,Bayern
Weißensee Kunsthochschule Berlin,Berlin
Kommunale Hochschule für Verwaltung in Niedersachsen,Niedersachsen
Akademie der Bildenden Künste Stuttgart,Baden-Württemberg
University of Labour,Hessen
Universitätsklinikum Ulm,Baden-Württemberg
Hochschule für Musik und Theater Hamburg,Hamburg
Deutsche Universität für Verwaltungswissenschaften Speyer,Rheinland-Pfalz
Universität Halle,Sachsen-Anhalt
HMU Health and Medical University Potsdam,Brandenburg
Fachhochschule für Verwaltung des Saarlandes,Saarland
Zeppelin Universität Friedrichshafen,Baden-Württemberg
Katholische Hochschule Berlin,Berlin
SRH Hochschule,Baden-Württemberg
Hochschule für Musik und Theater „Felix Mendelssohn Bartholdy“ Leipzig,Sachsen
Hochschule der Polizei Brandenburg,Brandenburg
Constructor University,Bremen
"FH für öffentliche Verwaltung, Polizei und Rechtspflege Güstrow",Mecklenburg-Vorpommern
accadis Hochschule,Hessen
Dresden International University,Sachsen
Berufsakademie für IT und Wirtschaft,Niedersachsen
TU Bergakademie Freiberg,Sachsen
CODE University,Berlin
FH für Rechtspflege NRW,Nordrhein-Westfalen
Universitätsmedizin Frankfurt,Hessen
FH für Sport und Management Potsdam,Brandenburg
KLU Kühne Logistics University,Hamburg
Munich Business School,Bayern
IST-Hochschule fur Management,Nordrhein-Westfalen
Universitätsklinikum Carl Gustav Carus Dresden,Sachsen
Medizinische Hochschule Brandenburg,Brandenburg
Hochschule Weserbergland,Niedersachsen
Mediadesign Hochschule,Berlin
Rheinische Fachhochschule Köln,Nordrhein-Westfalen
HFJS Heidelberg,Baden-Württemberg
FH der Wirtschaft Paderborn,Nordrhein-Westfalen
Hochschuke für Musik und Theater München,Bayern
HfPol Baden-Württemberg,Baden-Württemberg
Hochschule für Philosophie München,Bayern
Kolping Hochschule,Nordrhein-Westfalen
Hochschule für Forstwirtschaft Rottenburg,Baden-Württemberg
Hochschule für Musik Würzburg,Bayern
Hochschule für Künste Bremen,Bremen
Rheinische FH Köln,Nordrhein-Westfalen
Deutsche Hochschule für angewandte Wissenschaften,Brandenburg
hochschule 21,Niedersachsen
Zeppelin Universität,Baden-Württemberg
Digital Business University,Berlin
bbw Hochschule Berlin,Berlin
Hochschule für Musik Nürnberg,Bayern
Hochschule für Medien Kommunikation und Wirtschaft,Berlin
Apollon Hochschule,Bremen
Humanistische Hochschule Berlin,Berlin
Hochschule für Musik Trossingen,Baden-Württemberg
SDI München,Bayern
Hochschule für öffentliche Verwaltung Bremen,Bremen
DIPLOMA - FH Nordhessen,Hessen
Hochschule für Musik und Darstellende Kunst Frankfurt,Hessen
EBS U für Wirtschaft und Recht,Hessen
Evangelische Hochschule Tabor,Hessen
Hochschule für Musik und Darstellende Kunst Stuttgart,Baden-Württemberg
Internationale Hochschule Liebenzell,Baden-Württemberg
Hochschule für Telekommunikation Leipzig,Sachsen
Europäische FH,Nordrhein-Westfalen
ADG Business School,Rheinland-Pfalz
University of Europe for Applied Sciences,Brandenburg
Wilhelm Büchner Hochschule Darmstadt,Hessen
TH Ulm,Baden-Württemberg
Alanus Hochschule,Nordrhein-Westfalen
XU Exponential University of Applied Sciences,Brandenburg
IB Hochschule,Berlin
Evang. Hochschule Freiburg,Baden-Württemberg
Berufsakademie Rhein-Main,Hessen
Karl-Schiller-Berufskolleg (KSBK),Nordrhein-Westfalen
Frankfurt School of Finance & Management,Hessen
Campus M University,Bayern
